{"clean": {"mean": 8.245009009308259, "std": 7.259474689175328}, "noisy": {"mean": 8.24642221574959, "std": 7.260764759773127}}